{"train_acc": [0.4339869281045752, 0.5144517066085694, 0.5404502541757444, 0.5549745824255629, 0.5702251270878722, 0.564560639070443, 0.5620915032679739, 0.5638344226579521, 0.5670297748729122, 0.5716775599128541, 0.5622367465504721, 0.5702251270878722, 0.5655773420479303, 0.5741466957153232, 0.5766158315177923, 0.5851851851851853, 0.5729847494553377, 0.5705156136528686, 0.5824255628177197, 0.5753086419753086, 0.5824255628177197, 0.575599128540305, 0.5832970225127088, 0.5757443718228032, 0.5773420479302832, 0.582716049382716, 0.582716049382716, 0.5793754538852578, 0.5924473493100945, 0.5923021060275963, 0.5896877269426289, 0.5760348583877996, 0.5862018881626725, 0.5869281045751634, 0.5831517792302107, 0.5901234567901235, 0.5787944807552651], "train_loss": [1.698442610710881, 1.538727664064478, 1.4698611275735938, 1.4389606679793103, 1.430455971006561, 1.4111707608770787, 1.4078048463134378, 1.4050926155514187, 1.4028078125626087, 1.381896525391999, 1.3941204514984817, 1.3787073013136677, 1.3858982761441232, 1.377119533567214, 1.386281171741915, 1.3580597449664888, 1.3759734312087275, 1.3837734569391653, 1.3713511334005783, 1.3611701043342972, 1.3554702669966454, 1.368100374681671, 1.3576226217121687, 1.359924027568288, 1.3531144035148206, 1.3533708746743185, 1.3452629971521526, 1.3452812659195046, 1.3425512563688822, 1.3372530851661943, 1.3424664669480113, 1.3567531315243235, 1.3415872414041101, 1.3319725447490585, 1.3394059338773951, 1.3313843292954528, 1.3433209687969176], "val_acc": [0.5465116279069767, 0.5720930232558139, 0.5720930232558139, 0.5837209302325581, 0.586046511627907, 0.5906976744186047, 0.5848837209302326, 0.5767441860465117, 0.5941860465116279, 0.5883720930232558, 0.6011627906976744, 0.5953488372093023, 0.5906976744186047, 0.6023255813953489, 0.6034883720930232, 0.6034883720930232, 0.5883720930232558, 0.6104651162790697, 0.5976744186046512, 0.6011627906976744, 0.6093023255813953, 0.5825581395348837, 0.6011627906976744, 0.6046511627906976, 0.6069767441860465, 0.6093023255813953, 0.6116279069767442, 0.5988372093023255, 0.5953488372093023, 0.6023255813953489, 0.5941860465116279, 0.6058139534883721, 0.6104651162790697, 0.5895348837209302, 0.5802325581395349, 0.6034883720930232, 0.5918604651162791], "val_loss": [1.1124597821124764, 1.063748261540435, 1.0416323822598124, 1.0397170360698256, 1.020720952056175, 1.0081710804340451, 1.00009781843008, 1.0096201078836309, 1.0080390004224555, 1.0129166386848272, 0.9855230461719424, 1.009351611691852, 0.9883781316668488, 0.9852018461670986, 0.9690286300903143, 0.9836413011994473, 0.9934290154035701, 0.9807111740112304, 0.9918563984161199, 0.9789340703986412, 0.9854298098142757, 1.0028013251548589, 0.9902898056562557, 0.9788612110670223, 0.9752360795819482, 0.9812608136687168, 0.9649416621341261, 0.9690143202626428, 0.9900673095570054, 0.9781633349352105, 0.9648475084193917, 0.979554843348126, 0.967635617699734, 0.974367612738942, 0.9828980357147926, 0.9745303702908893, 1.011226637696111]}