{"train_acc": [0.6812317935913442, 0.7393535857955335, 0.7503121098626717, 0.7641836593147455, 0.7629352198640589, 0.7738937439311971, 0.7733388819531142, 0.7783326397558608, 0.7779164932722985, 0.7777777777777778, 0.7798585101955889, 0.7899847412956028, 0.7855458454709392, 0.7849909834928562, 0.786100707449022, 0.787765293383271, 0.7888750173394369, 0.7885975863503953, 0.7873491468997087, 0.7854071299764184, 0.7865168539325843, 0.7916493272298516, 0.7890137328339576, 0.7854071299764184, 0.7942849216257456, 0.7926203356914968, 0.789846025801082, 0.7923429047024553, 0.7927590511860175, 0.7916493272298516, 0.7958107920654738, 0.7933139131641005, 0.789846025801082, 0.7938687751421835, 0.7912331807462895, 0.7944236371202664, 0.7940074906367042, 0.7855458454709392, 0.7958107920654738, 0.7949784990983493, 0.7923429047024553, 0.7931751976695798, 0.7931751976695798, 0.7891524483284783, 0.7978915244832848, 0.7934526286586212, 0.7955333610764322, 0.7969205160216397, 0.7933139131641005, 0.7958107920654738, 0.7940074906367042, 0.7958107920654738, 0.7910944652517686, 0.7983076709668471, 0.7940074906367042, 0.7934526286586212, 0.7999722569010959, 0.7984463864613678, 0.7926203356914968, 0.7965043695380775, 0.7937300596476626, 0.7980302399778055, 0.7910944652517686, 0.8003884033846581, 0.7978915244832848, 0.8044111527257595, 0.8002496878901374, 0.8003884033846581, 0.802052989318907, 0.7955333610764322, 0.7983076709668471, 0.7994173949230129, 0.7996948259120544, 0.7971979470106811, 0.7967818005271189, 0.7859619919545013, 0.7962269385490359, 0.7959495075599945, 0.7996948259120544, 0.7962269385490359, 0.8009432653627411, 0.7955333610764322, 0.7960882230545152, 0.8037175752531558, 0.7931751976695798, 0.7974753779997226, 0.7920654737134138, 0.7966430850325982, 0.801498127340824, 0.7967818005271189, 0.7956720765709531, 0.7966430850325982, 0.7976140934942434, 0.7995561104175337, 0.8001109723956167, 0.7987238174504092, 0.7945623526147871, 0.790400887779165, 0.7996948259120544, 0.804133721736718, 0.8031627132750728, 0.7984463864613678, 0.7999722569010959, 0.8031627132750728, 0.7926203356914968, 0.7985851019558885, 0.7947010681093079, 0.8008045498682204, 0.8023304203079484, 0.8053821611874047, 0.7971979470106811], "train_loss": [1.1393984736938518, 0.9237881913101116, 0.8577780933581207, 0.825876989895766, 0.8019467829202775, 0.7876978365272668, 0.7743508021780912, 0.767858495128884, 0.7662250982324365, 0.7531942961566209, 0.7509527832811228, 0.7320885584843541, 0.7294227808718047, 0.7331101029040595, 0.7198716274973324, 0.7221689673779097, 0.7279625918857267, 0.7209702596731896, 0.7253903357756751, 0.7255614433065005, 0.7226903290900067, 0.7167533969793163, 0.7261834304331741, 0.7100825904063567, 0.7001754190839433, 0.704636061467713, 0.7076223191250576, 0.7085282554291111, 0.6890344222965444, 0.70225359122223, 0.6951105154690059, 0.700297418617478, 0.7149598610055548, 0.6985318853878615, 0.7023851164568974, 0.6896268310378537, 0.700450268941343, 0.7116781360796477, 0.6925227629491832, 0.7027657244420115, 0.694874133923494, 0.6919854129215669, 0.6941867366294653, 0.6947253459633298, 0.6959302791330086, 0.6891242255283503, 0.6958367851673771, 0.6902926957281507, 0.689691508580286, 0.6787396677655905, 0.6941418382029773, 0.6890815341004652, 0.7048481883379603, 0.6878603618069584, 0.6893028876564509, 0.6916009086248928, 0.6853179974552001, 0.6869426547100217, 0.6826192842209152, 0.6873454218979665, 0.6923937379677231, 0.6799097928562315, 0.7029935522207789, 0.6822448138481934, 0.6814828015412251, 0.6665907093978884, 0.6751565542932456, 0.6913233610806179, 0.670391081176199, 0.6769752969092281, 0.6714907463586749, 0.6694543720002742, 0.6699315818590701, 0.6845121174070967, 0.6815678372282578, 0.7063907866984634, 0.690622218555742, 0.6858804501166272, 0.6680709685179972, 0.6740951049855355, 0.6812023319141728, 0.6792061892440803, 0.6787269156209671, 0.666703895716218, 0.688644452744242, 0.6806612283648722, 0.6844076107371481, 0.6751692725180389, 0.6708674248577173, 0.6779160990407784, 0.6829178418609136, 0.6845516061829138, 0.6810518632998065, 0.6598859544079154, 0.6690744109806265, 0.67790900758044, 0.6777108143562913, 0.6844414062317441, 0.6715829708255732, 0.6725068581568945, 0.6714365957166604, 0.6603291121678769, 0.6773656692166222, 0.6644662786479267, 0.6824565312207233, 0.6705064241942197, 0.6844132156490469, 0.6765008419855472, 0.664488547353312, 0.668501391053977, 0.6847565998761858], "val_acc": [0.738359201773836, 0.7638580931263859, 0.7782705099778271, 0.8015521064301552, 0.8004434589800443, 0.8059866962305987, 0.811529933481153, 0.8093126385809313, 0.8093126385809313, 0.8226164079822617, 0.811529933481153, 0.8126385809312638, 0.8093126385809313, 0.8226164079822617, 0.8215077605321508, 0.8248337028824834, 0.8203991130820399, 0.8248337028824834, 0.8170731707317073, 0.8292682926829268, 0.8137472283813747, 0.8203991130820399, 0.8270509977827051, 0.8259423503325942, 0.8370288248337029, 0.8270509977827051, 0.8292682926829268, 0.8292682926829268, 0.8237250554323725, 0.8203991130820399, 0.8325942350332595, 0.8270509977827051, 0.8270509977827051, 0.8226164079822617, 0.8370288248337029, 0.8314855875831486, 0.8348115299334812, 0.8281596452328159, 0.8303769401330376, 0.8392461197339246, 0.8192904656319291, 0.843680709534368, 0.8270509977827051, 0.8270509977827051, 0.8159645232815964, 0.8392461197339246, 0.8325942350332595, 0.8170731707317073, 0.8314855875831486, 0.8203991130820399, 0.8370288248337029, 0.8314855875831486, 0.8314855875831486, 0.8414634146341463, 0.8348115299334812, 0.8292682926829268, 0.8303769401330376, 0.8281596452328159, 0.8348115299334812, 0.8314855875831486, 0.8325942350332595, 0.8403547671840355, 0.8392461197339246, 0.8270509977827051, 0.8270509977827051, 0.8370288248337029, 0.8215077605321508, 0.8292682926829268, 0.8303769401330376, 0.8348115299334812, 0.8281596452328159, 0.8226164079822617, 0.8392461197339246, 0.8370288248337029, 0.8192904656319291, 0.8170731707317073, 0.8403547671840355, 0.8348115299334812, 0.8303769401330376, 0.8314855875831486, 0.8370288248337029, 0.8348115299334812, 0.8325942350332595, 0.8325942350332595, 0.8314855875831486, 0.8425720620842572, 0.8403547671840355, 0.8392461197339246, 0.8425720620842572, 0.8414634146341463, 0.8403547671840355, 0.8337028824833703, 0.835920177383592, 0.8148558758314856, 0.8270509977827051, 0.8303769401330376, 0.843680709534368, 0.8381374722838137, 0.835920177383592, 0.8348115299334812, 0.8314855875831486, 0.8303769401330376, 0.8303769401330376, 0.8314855875831486, 0.8215077605321508, 0.8470066518847007, 0.835920177383592, 0.8137472283813747, 0.8414634146341463, 0.8303769401330376, 0.8292682926829268],